algorithm_name, seed, board_size, board, solution_cost, states_n, time
HC, 384927102, 4, [3, 1, 0, 2], 1, 36, 0.00035309791564941406
HC, 384927102, 8, [0, 3, 6, 2, 5, 1, 4, 4], 1, 336, 0.0039014816284179688
HC, 384927102, 10, [8, 0, 3, 6, 2, 9, 7, 4, 4, 1], 2, 450, 0.006737947463989258
HC, 384927102, 12, [11, 8, 10, 5, 3, 10, 0, 2, 9, 7, 4, 11], 4, 396, 0.006104230880737305
HC, 384927102, 15, [11, 8, 0, 2, 10, 1, 6, 3, 10, 13, 5, 14, 9, 7, 12], 3, 1000, 0.018436908721923828

HC, 1298374650, 4, [1, 3, 0, 2], 0, 48, 0.0006668567657470703
HC, 1298374650, 8, [6, 0, 5, 1, 4, 2, 7, 3], 1, 280, 0.0040819644927978516
HC, 1298374650, 10, [2, 4, 1, 8, 4, 9, 0, 3, 5, 7], 1, 540, 0.007203340530395508
HC, 1298374650, 12, [6, 4, 1, 8, 11, 9, 7, 3, 10, 0, 2, 5], 0, 1000, 0.015535354614257812
HC, 1298374650, 15, [0, 9, 6, 10, 14, 4, 11, 7, 3, 12, 5, 13, 8, 2, 12], 4, 1000, 0.018211841583251953

HC, 298374651, 4, [3, 0, 2, 1], 1, 24, 0.00021266937255859375
HC, 298374651, 8, [7, 3, 0, 2, 5, 1, 6, 4], 0, 280, 0.0031213760375976562
HC, 298374651, 10, [9, 7, 3, 0, 2, 9, 5, 0, 8, 1], 2, 360, 0.004889249801635742
HC, 298374651, 12, [9, 11, 3, 10, 2, 9, 5, 0, 8, 1, 7, 6], 2, 660, 0.010806798934936523
HC, 298374651, 15, [4, 1, 14, 8, 13, 2, 9, 5, 0, 0, 12, 3, 7, 6, 13], 4, 1000, 0.02032184600830078

HC, 1827364512, 4, [1, 3, 0, 2], 0, 60, 0.0006861686706542969
HC, 1827364512, 8, [5, 1, 6, 0, 2, 4, 7, 3], 0, 280, 0.0036497116088867188
HC, 1827364512, 10, [2, 0, 6, 0, 5, 8, 4, 7, 9, 3], 2, 540, 0.00891423225402832
HC, 1827364512, 12, [8, 11, 4, 0, 5, 0, 4, 10, 7, 9, 1, 3], 2, 792, 0.014013528823852539
HC, 1827364512, 15, [11, 0, 8, 5, 2, 13, 9, 12, 4, 10, 7, 9, 1, 3, 14], 3, 1000, 0.020966768264770508

HC, 938475612, 4, [2, 0, 3, 1], 0, 36, 0.0004336833953857422
HC, 938475612, 8, [4, 6, 3, 0, 7, 5, 2, 1], 1, 336, 0.004715919494628906
HC, 938475612, 10, [2, 0, 9, 4, 8, 3, 0, 7, 1, 6], 1, 540, 0.008074045181274414
HC, 938475612, 12, [7, 2, 3, 5, 8, 10, 0, 7, 1, 4, 9, 0], 3, 924, 0.014874696731567383
HC, 938475612, 15, [1, 10, 0, 13, 4, 9, 8, 14, 2, 0, 13, 7, 7, 12, 3], 4, 1000, 0.02104806900024414

HC, 564738291, 4, [3, 1, 0, 2], 1, 36, 0.0003070831298828125
HC, 564738291, 8, [7, 4, 1, 5, 2, 6, 3, 3], 1, 168, 0.0023012161254882812
HC, 564738291, 10, [7, 1, 4, 9, 8, 2, 5, 3, 6, 0], 2, 270, 0.004850864410400391
HC, 564738291, 12, [0, 7, 9, 4, 1, 10, 8, 2, 11, 5, 3, 6], 2, 660, 0.011573553085327148
HC, 564738291, 15, [7, 0, 12, 9, 4, 1, 3, 8, 2, 11, 5, 13, 10, 6, 14], 3, 1000, 0.02275562286376953

HC, 2039485761, 4, [0, 3, 1, 2], 1, 24, 0.000209808349609375
HC, 2039485761, 8, [7, 0, 2, 5, 2, 6, 3, 1], 2, 168, 0.0020673274993896484
HC, 2039485761, 10, [4, 8, 0, 8, 6, 2, 2, 7, 9, 3], 2, 450, 0.006112575531005859
HC, 2039485761, 12, [9, 4, 6, 3, 0, 10, 1, 5, 2, 2, 11, 8], 1, 792, 0.012363910675048828
HC, 2039485761, 15, [14, 6, 8, 12, 11, 0, 10, 1, 5, 2, 2, 13, 8, 9, 3], 4, 1000, 0.01876235008239746

HC, 1092837465, 4, [1, 3, 0, 2], 0, 36, 0.0004200935363769531
HC, 1092837465, 8, [7, 0, 2, 4, 6, 1, 3, 5], 1, 280, 0.00447845458984375
HC, 1092837465, 10, [2, 7, 9, 1, 5, 0, 6, 3, 5, 8], 1, 540, 0.007607698440551758
HC, 1092837465, 12, [2, 7, 9, 1, 5, 0, 6, 3, 11, 8, 10, 4], 1, 924, 0.021128416061401367
HC, 1092837465, 15, [2, 9, 7, 9, 11, 1, 5, 0, 12, 4, 13, 14, 6, 8, 10], 4, 1000, 0.028858661651611328

HC, 847362915, 4, [2, 1, 3, 0], 1, 36, 0.0005383491516113281
HC, 847362915, 8, [7, 3, 6, 2, 5, 1, 4, 4], 1, 224, 0.004738569259643555
HC, 847362915, 10, [7, 4, 1, 8, 6, 3, 0, 2, 9, 5], 0, 630, 0.01921701431274414
HC, 847362915, 12, [7, 9, 4, 1, 10, 6, 2, 11, 8, 0, 3, 5], 1, 792, 0.031304121017456055
HC, 847362915, 15, [7, 2, 4, 11, 1, 8, 3, 13, 6, 14, 0, 5, 5, 12, 10], 3, 1000, 0.04201459884643555

HC, 192837465, 4, [1, 3, 0, 2], 0, 24, 0.0004222393035888672
HC, 192837465, 8, [2, 0, 1, 6, 4, 2, 7, 5], 2, 168, 0.004258632659912109
HC, 192837465, 10, [5, 7, 4, 1, 3, 8, 6, 9, 2, 0], 1, 540, 0.011085748672485352
HC, 192837465, 12, [5, 7, 10, 0, 11, 6, 1, 3, 8, 11, 9, 2], 1, 792, 0.023647546768188477
HC, 192837465, 15, [2, 7, 14, 10, 3, 0, 11, 13, 6, 1, 8, 4, 12, 9, 5], 2, 1000, 0.027764320373535156

HC, 374829105, 4, [2, 1, 3, 0], 1, 24, 0.00029397010803222656
HC, 374829105, 8, [6, 1, 7, 0, 3, 0, 2, 5], 1, 224, 0.00350189208984375
HC, 374829105, 10, [6, 2, 7, 1, 3, 0, 2, 9, 5, 9], 2, 360, 0.00679326057434082
HC, 374829105, 12, [6, 4, 1, 8, 0, 3, 7, 2, 10, 1, 5, 11], 2, 924, 0.02151179313659668
HC, 374829105, 15, [10, 6, 2, 7, 8, 3, 14, 4, 1, 12, 9, 5, 13, 11, 0], 3, 1000, 0.03469133377075195

HC, 2837465920, 4, [3, 1, 0, 2], 1, 24, 0.00043463706970214844
HC, 2837465920, 8, [5, 3, 1, 7, 4, 6, 0, 2], 0, 224, 0.0045621395111083984
HC, 2837465920, 10, [6, 3, 0, 7, 4, 8, 1, 2, 9, 5], 1, 630, 0.008414745330810547
HC, 2837465920, 12, [9, 4, 8, 1, 3, 10, 6, 11, 0, 2, 7, 5], 0, 924, 0.01415109634399414
HC, 2837465920, 15, [6, 8, 1, 12, 7, 0, 10, 13, 4, 9, 11, 3, 14, 2, 5], 2, 1000, 0.020016193389892578

HC, 918273645, 4, [1, 2, 0, 3], 1, 24, 0.00021076202392578125
HC, 918273645, 8, [1, 5, 0, 2, 4, 7, 3, 0], 1, 224, 0.0040264129638671875
HC, 918273645, 10, [1, 3, 5, 7, 9, 0, 6, 8, 4, 2], 2, 270, 0.00370025634765625
HC, 918273645, 12, [1, 8, 5, 7, 9, 0, 6, 1, 4, 2, 8, 3], 3, 396, 0.0061380863189697266
HC, 918273645, 15, [11, 1, 5, 13, 0, 9, 0, 6, 10, 4, 2, 8, 3, 14, 7], 2, 1000, 0.01826930046081543

HC, 657483920, 4, [2, 0, 3, 1], 0, 48, 0.0004222393035888672
HC, 657483920, 8, [0, 2, 7, 1, 6, 1, 5, 4], 2, 224, 0.0029129981994628906
HC, 657483920, 10, [6, 2, 5, 7, 3, 1, 8, 4, 0, 9], 2, 450, 0.010016679763793945
HC, 657483920, 12, [8, 2, 5, 10, 6, 1, 11, 11, 4, 0, 9, 3], 2, 660, 0.016556978225708008
HC, 657483920, 15, [0, 2, 6, 8, 10, 1, 3, 14, 11, 4, 0, 9, 3, 5, 13], 2, 1000, 0.02773261070251465

HC, 1203948576, 4, [2, 1, 3, 0], 1, 36, 0.0004241466522216797
HC, 1203948576, 8, [2, 3, 1, 7, 5, 0, 6, 4], 1, 224, 0.0035262107849121094
HC, 1203948576, 10, [2, 3, 7, 4, 1, 9, 0, 5, 8, 6], 2, 450, 0.008734941482543945
HC, 1203948576, 12, [2, 3, 10, 7, 4, 1, 5, 8, 5, 0, 11, 6], 3, 660, 0.015060186386108398
HC, 1203948576, 15, [6, 3, 11, 13, 7, 4, 14, 12, 0, 5, 8, 1, 5, 8, 11], 3, 1000, 0.038242340087890625

HC, 847362918, 4, [1, 3, 0, 2], 0, 24, 0.00045180320739746094
HC, 847362918, 8, [6, 4, 0, 5, 3, 5, 7, 2], 1, 168, 0.002435922622680664
HC, 847362918, 10, [6, 4, 0, 0, 8, 5, 1, 9, 7, 2], 1, 450, 0.009425640106201172
HC, 847362918, 12, [2, 4, 6, 9, 0, 5, 11, 7, 1, 4, 8, 10], 2, 792, 0.017857789993286133
HC, 847362918, 15, [2, 7, 8, 13, 9, 0, 5, 11, 1, 12, 4, 11, 3, 10, 10], 3, 1000, 0.02519989013671875

HC, 938475610, 4, [1, 3, 0, 2], 0, 24, 0.0003039836883544922
HC, 938475610, 8, [2, 5, 3, 0, 7, 4, 6, 1], 0, 280, 0.0032885074615478516
HC, 938475610, 10, [2, 6, 9, 7, 0, 0, 3, 1, 8, 4], 2, 360, 0.0056455135345458984
HC, 938475610, 12, [2, 6, 9, 7, 0, 0, 3, 5, 8, 1, 4, 10], 2, 528, 0.008713722229003906
HC, 938475610, 15, [3, 6, 9, 14, 8, 5, 0, 13, 1, 4, 8, 12, 2, 4, 10], 3, 1000, 0.019144058227539062

HC, 1230984756, 4, [0, 3, 1, 2], 1, 24, 0.00020599365234375
HC, 1230984756, 8, [3, 0, 7, 5, 2, 6, 1, 7], 1, 168, 0.0026121139526367188
HC, 1230984756, 10, [4, 0, 3, 9, 7, 5, 8, 2, 6, 1], 2, 360, 0.005827903747558594
HC, 1230984756, 12, [8, 6, 4, 9, 0, 5, 10, 2, 11, 2, 7, 3], 1, 924, 0.017503023147583008
HC, 1230984756, 15, [8, 4, 0, 9, 9, 5, 13, 2, 12, 1, 7, 3, 11, 14, 10], 3, 1000, 0.024587631225585938

HC, 564738295, 4, [2, 0, 3, 1], 0, 48, 0.0005080699920654297
HC, 564738295, 8, [1, 3, 5, 2, 4, 1, 3, 0], 3, 168, 0.002121448516845703
HC, 564738295, 10, [8, 1, 3, 9, 2, 4, 1, 3, 0, 6], 3, 450, 0.006226301193237305
HC, 564738295, 12, [8, 10, 7, 5, 2, 9, 1, 6, 11, 3, 0, 4], 1, 924, 0.016004085540771484
HC, 564738295, 15, [8, 5, 14, 9, 13, 2, 4, 2, 11, 11, 3, 0, 6, 1, 7], 3, 1000, 0.038866281509399414

HC, 2039485790, 4, [0, 2, 1, 3], 2, 12, 0.00016069412231445312
HC, 2039485790, 8, [0, 5, 3, 6, 3, 7, 2, 4], 1, 168, 0.0025377273559570312
HC, 2039485790, 10, [4, 0, 5, 8, 6, 3, 7, 2, 9, 5], 2, 360, 0.008835315704345703
HC, 2039485790, 12, [4, 10, 5, 0, 11, 11, 6, 3, 1, 8, 9, 2], 2, 792, 0.022027969360351562
HC, 2039485790, 15, [8, 0, 5, 3, 11, 14, 12, 6, 3, 13, 4, 1, 9, 11, 2], 3, 1000, 0.032686710357666016

HC, 918273640, 4, [0, 2, 3, 1], 1, 24, 0.0003151893615722656
HC, 918273640, 8, [1, 5, 7, 2, 6, 3, 6, 0], 1, 280, 0.0048828125
HC, 918273640, 10, [3, 1, 6, 9, 2, 4, 8, 0, 5, 7], 1, 540, 0.0100860595703125
HC, 918273640, 12, [10, 6, 0, 1, 5, 9, 2, 4, 11, 3, 5, 2], 3, 660, 0.017726659774780273
HC, 918273640, 15, [10, 13, 1, 8, 0, 14, 9, 2, 4, 6, 3, 11, 5, 7, 12], 3, 1000, 0.04200124740600586

HC, 1298374610, 4, [0, 3, 1, 2], 1, 36, 0.0007264614105224609
HC, 1298374610, 8, [5, 2, 6, 1, 0, 4, 3, 7], 2, 168, 0.003237485885620117
HC, 1298374610, 10, [5, 7, 2, 1, 6, 8, 0, 4, 9, 3], 2, 360, 0.007212638854980469
HC, 1298374610, 12, [5, 2, 2, 10, 7, 11, 8, 0, 4, 6, 9, 3], 2, 528, 0.010889053344726562
HC, 1298374610, 15, [5, 2, 2, 10, 13, 1, 9, 11, 14, 0, 4, 10, 7, 3, 6], 2, 1000, 0.027898788452148438

HC, 283746599, 4, [2, 0, 3, 1], 0, 36, 0.0015177726745605469
HC, 283746599, 8, [7, 1, 4, 2, 0, 6, 3, 5], 0, 280, 0.005264997482299805
HC, 283746599, 10, [7, 1, 6, 9, 5, 8, 0, 3, 6, 2], 1, 450, 0.007469892501831055
HC, 283746599, 12, [7, 2, 6, 1, 10, 0, 9, 4, 8, 11, 3, 5], 1, 792, 0.013914346694946289
HC, 283746599, 15, [7, 1, 6, 1, 9, 11, 0, 4, 4, 10, 13, 3, 5, 2, 14], 3, 1000, 0.03173351287841797

HC, 192837460, 4, [3, 1, 0, 2], 1, 24, 0.000476837158203125
HC, 192837460, 8, [7, 4, 1, 5, 0, 6, 3, 5], 1, 336, 0.006098270416259766
HC, 192837460, 10, [7, 3, 0, 5, 9, 1, 6, 4, 2, 8], 1, 450, 0.009836912155151367
HC, 192837460, 12, [7, 3, 0, 11, 5, 9, 2, 6, 4, 1, 10, 8], 2, 528, 0.014353752136230469
HC, 192837460, 15, [7, 1, 3, 11, 6, 14, 9, 2, 0, 4, 1, 10, 8, 11, 12], 4, 1000, 0.024312496185302734

HC, 374829100, 4, [1, 0, 2, 3], 2, 12, 0.00017499923706054688
HC, 374829100, 8, [2, 0, 6, 1, 3, 5, 7, 4], 1, 168, 0.0021736621856689453
HC, 374829100, 10, [1, 9, 2, 0, 6, 8, 3, 5, 7, 4], 3, 360, 0.006033420562744141
HC, 374829100, 12, [6, 1, 9, 0, 5, 10, 8, 3, 11, 7, 4, 2], 1, 792, 0.01469564437866211
HC, 374829100, 15, [10, 8, 1, 9, 9, 3, 6, 0, 3, 5, 7, 12, 4, 2, 4], 4, 1000, 0.01958918571472168

HC, 847362900, 4, [0, 2, 3, 1], 1, 24, 0.0002422332763671875
HC, 847362900, 8, [0, 5, 1, 6, 1, 7, 7, 3], 2, 224, 0.0027561187744140625
HC, 847362900, 10, [9, 5, 1, 2, 0, 8, 4, 7, 3, 6], 1, 270, 0.003876924514770508
HC, 847362900, 12, [9, 5, 1, 1, 11, 0, 8, 4, 2, 10, 3, 7], 1, 924, 0.014615535736083984
HC, 847362900, 15, [2, 5, 1, 13, 11, 0, 4, 7, 4, 10, 3, 14, 9, 12, 6], 3, 1000, 0.0218355655670166

HC, 1092837400, 4, [2, 0, 3, 1], 0, 36, 0.00044727325439453125
HC, 1092837400, 8, [2, 4, 7, 0, 0, 5, 1, 6], 1, 224, 0.004281044006347656
HC, 1092837400, 10, [2, 1, 9, 4, 0, 8, 0, 5, 7, 6], 3, 270, 0.0049669742584228516
HC, 1092837400, 12, [3, 0, 11, 9, 5, 1, 8, 4, 2, 7, 10, 6], 0, 924, 0.030441999435424805
HC, 1092837400, 15, [2, 4, 11, 14, 9, 6, 13, 0, 8, 3, 5, 7, 10, 1, 6], 2, 1000, 0.028430938720703125

HC, 657483900, 4, [1, 3, 2, 0], 1, 36, 0.00034928321838378906
HC, 657483900, 8, [1, 7, 5, 0, 2, 5, 3, 6], 2, 224, 0.003256082534790039
HC, 657483900, 10, [1, 4, 7, 0, 2, 5, 8, 6, 3, 3], 1, 540, 0.009738922119140625
HC, 657483900, 12, [1, 7, 11, 0, 2, 5, 8, 10, 3, 0, 6, 4], 1, 1000, 0.03251457214355469
HC, 657483900, 15, [13, 1, 9, 6, 2, 0, 12, 8, 4, 8, 12, 5, 3, 10, 7], 3, 1000, 0.03941535949707031

HC, 1203948500, 4, [2, 1, 3, 0], 1, 36, 0.0006651878356933594
HC, 1203948500, 8, [3, 1, 6, 0, 5, 7, 4, 6], 2, 224, 0.0028867721557617188
HC, 1203948500, 10, [3, 8, 0, 5, 9, 6, 1, 7, 4, 2], 1, 540, 0.009527921676635742
HC, 1203948500, 12, [3, 10, 7, 1, 11, 5, 8, 0, 0, 8, 6, 2], 2, 792, 0.017113208770751953
HC, 1203948500, 15, [3, 13, 4, 10, 8, 12, 14, 1, 8, 6, 0, 7, 11, 2, 12], 4, 1000, 0.022440671920776367

HC, 2039485700, 4, [1, 0, 2, 3], 2, 24, 0.000225067138671875
HC, 2039485700, 8, [0, 3, 5, 7, 1, 6, 0, 2], 1, 224, 0.003222227096557617
HC, 2039485700, 10, [9, 2, 8, 3, 0, 7, 1, 4, 6, 8], 1, 450, 0.007063865661621094
HC, 2039485700, 12, [9, 4, 2, 8, 3, 1, 7, 11, 0, 6, 5, 1], 2, 792, 0.015315771102905273
HC, 2039485700, 15, [9, 10, 2, 14, 3, 11, 0, 7, 4, 12, 13, 8, 1, 6, 5], 6, 1000, 0.023152589797973633


SA, 384927102, 4, [2, 0, 3, 1], 0, 930, 0.01679825782775879
SA, 384927102, 8, [5, 2, 6, 3, 0, 7, 1, 4], 0, 930, 0.024138450622558594
SA, 384927102, 10, [5, 9, 1, 6, 2, 7, 3, 8, 0, 4], 1, 930, 0.027478456497192383
SA, 384927102, 12, [3, 6, 8, 1, 11, 0, 7, 11, 4, 2, 10, 5], 1, 930, 0.032967567443847656
SA, 384927102, 15, [6, 14, 9, 5, 14, 10, 1, 7, 4, 12, 0, 2, 13, 11, 3], 2, 930, 0.036285400390625

SA, 1298374650, 4, [1, 3, 0, 2], 0, 930, 0.016008615493774414
SA, 1298374650, 8, [3, 1, 6, 2, 5, 7, 4, 0], 0, 930, 0.024561643600463867
SA, 1298374650, 10, [1, 3, 5, 7, 9, 0, 2, 4, 6, 8], 0, 930, 0.03128552436828613
SA, 1298374650, 12, [2, 9, 7, 10, 0, 6, 4, 1, 11, 8, 5, 1], 2, 930, 0.034894466400146484
SA, 1298374650, 15, [5, 9, 12, 0, 7, 4, 1, 14, 8, 11, 3, 1, 13, 2, 10], 1, 930, 0.03947758674621582

SA, 298374651, 4, [1, 3, 0, 2], 0, 930, 0.016616344451904297
SA, 298374651, 8, [5, 2, 6, 1, 7, 4, 0, 3], 0, 930, 0.03236961364746094
SA, 298374651, 10, [5, 3, 1, 0, 8, 6, 9, 7, 2, 4], 1, 930, 0.03570961952209473
SA, 298374651, 12, [0, 10, 8, 2, 5, 3, 1, 9, 11, 6, 4, 7], 0, 930, 0.039682626724243164
SA, 298374651, 15, [5, 3, 9, 6, 10, 14, 4, 1, 7, 13, 2, 12, 8, 0, 11], 0, 930, 0.038312435150146484

SA, 1827364512, 4, [1, 3, 0, 2], 0, 930, 0.01855015754699707
SA, 1827364512, 8, [6, 0, 2, 0, 5, 7, 4, 1], 1, 930, 0.02323293685913086
SA, 1827364512, 10, [7, 4, 1, 3, 8, 6, 2, 9, 5, 0], 0, 930, 0.027117252349853516
SA, 1827364512, 12, [6, 0, 10, 10, 4, 9, 11, 3, 1, 7, 5, 8], 1, 930, 0.03994631767272949
SA, 1827364512, 15, [2, 5, 1, 12, 10, 6, 14, 3, 11, 4, 7, 9, 0, 13, 8], 1, 930, 0.035887956619262695

SA, 938475612, 4, [1, 3, 0, 2], 0, 930, 0.019381999969482422
SA, 938475612, 8, [3, 6, 4, 1, 5, 0, 2, 7], 0, 930, 0.02474355697631836
SA, 938475612, 10, [8, 8, 0, 4, 1, 9, 6, 3, 7, 2], 1, 930, 0.029541730880737305
SA, 938475612, 12, [2, 5, 7, 10, 3, 0, 4, 8, 11, 9, 4, 1], 1, 930, 0.03710150718688965
SA, 938475612, 15, [5, 11, 2, 0, 3, 9, 7, 1, 14, 12, 8, 13, 4, 6, 3], 1, 930, 0.03902792930603027

SA, 564738291, 4, [1, 3, 0, 2], 0, 930, 0.021397829055786133
SA, 564738291, 8, [5, 2, 0, 7, 3, 1, 6, 4], 0, 930, 0.043793678283691406
SA, 564738291, 10, [0, 3, 6, 9, 2, 8, 1, 4, 7, 5], 0, 930, 0.07457804679870605
SA, 564738291, 12, [9, 2, 4, 1, 7, 0, 11, 11, 8, 6, 3, 10], 1, 930, 0.034571170806884766
SA, 564738291, 15, [2, 12, 10, 13, 3, 5, 13, 1, 14, 14, 7, 4, 8, 11, 0], 2, 930, 0.04793214797973633

SA, 2039485761, 4, [1, 3, 0, 2], 0, 930, 0.01926398277282715
SA, 2039485761, 8, [2, 5, 1, 6, 4, 0, 7, 3], 0, 930, 0.040482282638549805
SA, 2039485761, 10, [6, 3, 1, 4, 8, 0, 9, 7, 5, 2], 0, 930, 0.032962799072265625
SA, 2039485761, 12, [0, 8, 11, 9, 7, 2, 4, 1, 10, 10, 6, 3], 1, 930, 0.03976869583129883
SA, 2039485761, 15, [14, 7, 10, 3, 11, 8, 5, 12, 1, 13, 0, 9, 6, 4, 2], 0, 930, 0.04606223106384277

SA, 1092837465, 4, [2, 0, 3, 1], 0, 930, 0.024448633193969727
SA, 1092837465, 8, [2, 5, 3, 0, 0, 4, 6, 1], 1, 930, 0.029463529586791992
SA, 1092837465, 10, [1, 7, 4, 8, 0, 5, 9, 2, 6, 3], 0, 930, 0.037264108657836914
SA, 1092837465, 12, [6, 1, 9, 5, 8, 2, 7, 3, 11, 0, 4, 10], 0, 930, 0.03879261016845703
SA, 1092837465, 15, [3, 5, 10, 14, 4, 2, 13, 8, 3, 0, 12, 7, 11, 1, 6], 1, 930, 0.04101419448852539

SA, 847362915, 4, [2, 0, 3, 1], 0, 930, 0.01758718490600586
SA, 847362915, 8, [4, 6, 0, 3, 1, 7, 5, 2], 0, 930, 0.025342464447021484
SA, 847362915, 10, [6, 3, 9, 2, 9, 5, 1, 8, 4, 0], 1, 930, 0.0330352783203125
SA, 847362915, 12, [2, 5, 3, 9, 11, 6, 1, 10, 0, 7, 4, 8], 1, 930, 0.04813957214355469
SA, 847362915, 15, [4, 7, 10, 3, 11, 14, 8, 0, 5, 1, 13, 9, 6, 12, 2], 0, 930, 0.04213595390319824

SA, 192837465, 4, [1, 3, 0, 2], 0, 930, 0.017956256866455078
SA, 192837465, 8, [1, 4, 6, 0, 2, 7, 5, 3], 0, 930, 0.026341915130615234
SA, 192837465, 10, [3, 2, 6, 9, 1, 5, 8, 0, 7, 4], 1, 930, 0.02833843231201172
SA, 192837465, 12, [8, 5, 7, 0, 3, 6, 4, 9, 11, 5, 10, 1], 1, 930, 0.03786826133728027
SA, 192837465, 15, [13, 1, 10, 4, 11, 3, 0, 12, 12, 8, 6, 14, 2, 5, 9], 1, 930, 0.03732442855834961

SA, 374829105, 4, [2, 0, 3, 1], 0, 930, 0.020453691482543945
SA, 374829105, 8, [5, 7, 1, 3, 0, 6, 4, 2], 0, 930, 0.027554035186767578
SA, 374829105, 10, [5, 0, 6, 1, 7, 2, 8, 3, 9, 4], 0, 930, 0.02872943878173828
SA, 374829105, 12, [6, 2, 10, 1, 9, 5, 9, 0, 3, 11, 4, 7], 1, 930, 0.03414630889892578
SA, 374829105, 15, [11, 8, 2, 3, 10, 14, 1, 1, 4, 7, 0, 12, 9, 5, 13], 2, 930, 0.03822135925292969

SA, 2837465920, 4, [1, 3, 0, 2], 0, 930, 0.031023740768432617
SA, 2837465920, 8, [4, 6, 0, 3, 1, 7, 7, 2], 1, 930, 0.053508758544921875
SA, 2837465920, 10, [2, 6, 9, 2, 5, 1, 4, 7, 0, 3], 1, 930, 0.03708362579345703
SA, 2837465920, 12, [0, 6, 8, 10, 2, 7, 3, 11, 9, 4, 1, 5], 1, 930, 0.03654217720031738
SA, 2837465920, 15, [7, 1, 4, 9, 13, 13, 10, 6, 3, 0, 4, 12, 8, 2, 11], 2, 930, 0.03992867469787598

SA, 918273645, 4, [2, 0, 3, 1], 0, 930, 0.019051790237426758
SA, 918273645, 8, [1, 3, 6, 0, 2, 0, 5, 7], 1, 930, 0.0310211181640625
SA, 918273645, 10, [6, 8, 3, 5, 0, 9, 1, 4, 2, 7], 0, 930, 0.03675508499145508
SA, 918273645, 12, [11, 9, 2, 5, 3, 0, 7, 10, 1, 6, 4, 1], 1, 930, 0.04780387878417969
SA, 918273645, 15, [14, 6, 9, 12, 8, 0, 2, 13, 1, 10, 0, 11, 4, 5, 3], 2, 930, 0.07345008850097656

SA, 657483920, 4, [2, 0, 3, 1], 0, 930, 0.020604848861694336
SA, 657483920, 8, [6, 0, 5, 7, 1, 3, 7, 2], 1, 930, 0.03785443305969238
SA, 657483920, 10, [6, 4, 0, 5, 8, 2, 7, 3, 1, 9], 0, 930, 0.031375885009765625
SA, 657483920, 12, [4, 9, 7, 3, 11, 0, 2, 10, 6, 3, 1, 8], 1, 930, 0.039064884185791016
SA, 657483920, 15, [7, 4, 1, 14, 5, 10, 2, 11, 6, 1, 3, 0, 9, 13, 8], 1, 930, 0.045388221740722656

SA, 1203948576, 4, [2, 0, 3, 1], 0, 930, 0.021747112274169922
SA, 1203948576, 8, [3, 6, 4, 7, 5, 0, 2, 6], 1, 930, 0.0406186580657959
SA, 1203948576, 10, [5, 3, 9, 0, 4, 1, 7, 2, 6, 8], 0, 930, 0.04447674751281738
SA, 1203948576, 12, [6, 8, 3, 0, 9, 7, 2, 11, 3, 1, 10, 4], 1, 930, 0.03606557846069336
SA, 1203948576, 15, [10, 14, 6, 4, 2, 0, 8, 9, 5, 12, 1, 7, 11, 13, 3], 1, 930, 0.050177812576293945

SA, 847362918, 4, [1, 3, 0, 2], 0, 930, 0.08200192451477051
SA, 847362918, 8, [2, 4, 6, 1, 5, 7, 0, 3], 1, 930, 0.04349231719970703
SA, 847362918, 10, [0, 4, 6, 9, 3, 1, 8, 2, 5, 7], 0, 930, 0.06328392028808594
SA, 847362918, 12, [2, 9, 5, 8, 10, 3, 0, 11, 7, 4, 6, 1], 0, 930, 0.04655766487121582
SA, 847362918, 15, [14, 3, 8, 6, 1, 10, 13, 11, 4, 7, 10, 0, 5, 12, 9], 1, 930, 0.04810905456542969

SA, 938475610, 4, [2, 0, 3, 1], 0, 930, 0.026643037796020508
SA, 938475610, 8, [5, 1, 6, 0, 3, 7, 4, 2], 0, 930, 0.056467533111572266
SA, 938475610, 10, [5, 7, 1, 6, 0, 9, 4, 0, 8, 3], 1, 930, 0.0685110092163086
SA, 938475610, 12, [7, 11, 8, 6, 1, 10, 0, 9, 3, 5, 11, 2], 1, 930, 0.059233903884887695
SA, 938475610, 15, [6, 13, 2, 12, 1, 8, 11, 3, 10, 0, 14, 1, 4, 7, 9], 1, 930, 0.0720672607421875

SA, 1230984756, 4, [1, 3, 0, 2], 0, 930, 0.037659645080566406
SA, 1230984756, 8, [3, 6, 2, 7, 1, 4, 0, 5], 0, 930, 0.04407000541687012
SA, 1230984756, 10, [8, 5, 2, 9, 9, 6, 3, 0, 7, 1], 1, 930, 0.032253265380859375
SA, 1230984756, 12, [8, 2, 11, 1, 7, 5, 10, 0, 4, 6, 9, 3], 0, 930, 0.04517531394958496
SA, 1230984756, 15, [12, 10, 8, 3, 1, 9, 13, 0, 7, 14, 6, 2, 5, 11, 4], 1, 930, 0.06492280960083008

SA, 564738295, 4, [1, 3, 0, 2], 0, 930, 0.04555916786193848
SA, 564738295, 8, [3, 5, 7, 1, 6, 0, 2, 4], 0, 930, 0.05178380012512207
SA, 564738295, 10, [9, 5, 3, 0, 6, 8, 1, 7, 4, 2], 0, 930, 0.045545339584350586
SA, 564738295, 12, [5, 9, 4, 0, 11, 6, 2, 7, 1, 3, 8, 10], 0, 930, 0.06665205955505371
SA, 564738295, 15, [2, 11, 6, 2, 5, 13, 0, 10, 14, 4, 1, 8, 12, 3, 7], 1, 930, 0.05385756492614746

SA, 2039485790, 4, [1, 3, 0, 2], 0, 930, 0.034609079360961914
SA, 2039485790, 8, [5, 2, 6, 3, 0, 7, 1, 4], 0, 930, 0.03744029998779297
SA, 2039485790, 10, [9, 1, 3, 5, 8, 2, 0, 6, 3, 7], 1, 930, 0.03825020790100098
SA, 2039485790, 12, [5, 2, 8, 4, 0, 9, 6, 1, 3, 11, 7, 10], 1, 930, 0.04815220832824707
SA, 2039485790, 15, [9, 4, 12, 5, 11, 13, 7, 3, 8, 2, 14, 1, 10, 12, 6], 1, 930, 0.05701446533203125

SA, 918273640, 4, [1, 3, 0, 2], 0, 930, 0.024065494537353516
SA, 918273640, 8, [2, 5, 7, 1, 3, 0, 6, 4], 0, 930, 0.04083418846130371
SA, 918273640, 10, [8, 0, 5, 3, 1, 7, 4, 2, 9, 5], 1, 930, 0.038399457931518555
SA, 918273640, 12, [2, 8, 7, 3, 10, 0, 5, 11, 9, 1, 6, 4], 1, 930, 0.05419468879699707
SA, 918273640, 15, [8, 6, 11, 2, 5, 12, 0, 4, 14, 7, 10, 13, 3, 1, 9], 0, 930, 0.09090566635131836

SA, 1298374610, 4, [1, 3, 0, 2], 0, 930, 0.03709006309509277
SA, 1298374610, 8, [4, 2, 7, 3, 6, 0, 5, 1], 0, 930, 0.031081199645996094
SA, 1298374610, 10, [1, 5, 2, 6, 9, 0, 8, 4, 7, 3], 0, 930, 0.03477358818054199
SA, 1298374610, 12, [9, 3, 8, 10, 4, 1, 5, 0, 11, 7, 2, 6], 0, 930, 0.048767805099487305
SA, 1298374610, 15, [8, 0, 7, 4, 2, 9, 12, 14, 5, 1, 13, 6, 3, 13, 10], 1, 930, 0.044481754302978516

SA, 283746599, 4, [1, 3, 0, 2], 0, 930, 0.02318882942199707
SA, 283746599, 8, [2, 4, 1, 7, 0, 6, 3, 5], 0, 930, 0.04019522666931152
SA, 283746599, 10, [8, 2, 4, 9, 7, 0, 5, 3, 1, 6], 1, 930, 0.05507326126098633
SA, 283746599, 12, [5, 3, 11, 9, 7, 1, 10, 2, 0, 9, 4, 8], 1, 930, 0.0629129409790039
SA, 283746599, 15, [10, 1, 6, 9, 0, 12, 8, 2, 7, 14, 1, 5, 13, 11, 4], 1, 930, 0.0533294677734375

SA, 192837460, 4, [2, 0, 3, 1], 0, 930, 0.024809598922729492
SA, 192837460, 8, [0, 2, 7, 5, 3, 1, 4, 6], 1, 930, 0.033623456954956055
SA, 192837460, 10, [7, 9, 0, 5, 1, 6, 0, 2, 4, 8], 1, 930, 0.04163694381713867
SA, 192837460, 12, [3, 6, 9, 1, 2, 4, 8, 11, 0, 10, 7, 5], 1, 930, 0.05047178268432617
SA, 192837460, 15, [5, 0, 8, 12, 2, 7, 13, 1, 3, 9, 11, 14, 4, 10, 10], 1, 930, 0.05300593376159668

SA, 374829100, 4, [2, 0, 3, 1], 0, 930, 0.02152109146118164
SA, 374829100, 8, [3, 7, 0, 2, 5, 1, 6, 4], 0, 930, 0.032866477966308594
SA, 374829100, 10, [4, 2, 0, 9, 6, 1, 3, 7, 5, 8], 1, 930, 0.03246760368347168
SA, 374829100, 12, [4, 0, 5, 11, 9, 1, 3, 1, 8, 10, 2, 6], 1, 930, 0.04863762855529785
SA, 374829100, 15, [10, 6, 0, 9, 1, 4, 13, 11, 14, 2, 5, 14, 12, 7, 3], 2, 930, 0.04989266395568848

SA, 847362900, 4, [2, 0, 3, 1], 0, 930, 0.023160934448242188
SA, 847362900, 8, [6, 1, 3, 5, 7, 2, 4, 2], 1, 930, 0.033429622650146484
SA, 847362900, 10, [2, 7, 5, 1, 8, 4, 0, 3, 9, 6], 0, 930, 0.04329347610473633
SA, 847362900, 12, [1, 7, 2, 8, 3, 9, 0, 10, 5, 11, 6, 4], 0, 930, 0.0379786491394043
SA, 847362900, 15, [6, 11, 9, 12, 1, 13, 4, 10, 0, 5, 14, 2, 7, 3, 8], 0, 930, 0.04819774627685547

SA, 1092837400, 4, [1, 3, 0, 2], 0, 930, 0.024348974227905273
SA, 1092837400, 8, [5, 3, 1, 7, 4, 6, 0, 2], 0, 930, 0.025089740753173828
SA, 1092837400, 10, [6, 3, 9, 0, 8, 2, 4, 1, 7, 5], 1, 930, 0.029186010360717773
SA, 1092837400, 12, [9, 0, 2, 10, 7, 3, 1, 8, 4, 11, 0, 5], 1, 930, 0.04061293601989746
SA, 1092837400, 15, [8, 3, 5, 0, 11, 14, 4, 6, 13, 2, 10, 7, 4, 1, 9], 1, 930, 0.03788256645202637

SA, 657483900, 4, [2, 0, 3, 1], 0, 930, 0.019536733627319336
SA, 657483900, 8, [6, 3, 0, 7, 1, 4, 2, 5], 1, 930, 0.024744749069213867
SA, 657483900, 10, [3, 8, 1, 5, 0, 9, 6, 4, 2, 7], 1, 930, 0.02835392951965332
SA, 657483900, 12, [4, 8, 3, 11, 9, 1, 6, 0, 2, 7, 5, 10], 0, 930, 0.03782224655151367
SA, 657483900, 15, [5, 9, 14, 12, 0, 4, 6, 13, 10, 2, 13, 3, 1, 8, 12], 2, 930, 0.04422354698181152

SA, 1203948500, 4, [2, 0, 3, 1], 0, 930, 0.016791343688964844
SA, 1203948500, 8, [4, 0, 7, 5, 2, 6, 1, 3], 0, 930, 0.025195598602294922
SA, 1203948500, 10, [4, 9, 5, 3, 1, 7, 2, 8, 6, 0], 0, 930, 0.03021407127380371
SA, 1203948500, 12, [4, 2, 5, 8, 10, 1, 6, 9, 7, 0, 3, 6], 1, 930, 0.041480064392089844
SA, 1203948500, 15, [4, 13, 8, 12, 2, 0, 3, 14, 9, 11, 13, 5, 1, 6, 10], 1, 930, 0.0508420467376709

SA, 2039485700, 4, [1, 3, 0, 2], 0, 930, 0.021488428115844727
SA, 2039485700, 8, [7, 3, 0, 2, 5, 1, 6, 4], 0, 930, 0.026170969009399414
SA, 2039485700, 10, [7, 1, 8, 0, 5, 3, 9, 6, 4, 2], 0, 930, 0.03158688545227051
SA, 2039485700, 12, [1, 6, 8, 5, 8, 0, 3, 10, 7, 2, 4, 9], 1, 930, 0.0414271354675293
SA, 2039485700, 15, [13, 0, 9, 6, 8, 13, 1, 12, 2, 7, 10, 3, 5, 14, 11], 1, 930, 0.03787732124328613


GA, 384927102, 4, [1, 3, 0, 2], 0, 200, 4.5299530029296875e-06
GA, 384927102, 8, [3, 0, 7, 5, 2, 6, 1, 4], 1, 1118, 0.08498859405517578
GA, 384927102, 10, [3, 8, 6, 2, 0, 5, 1, 4, 9, 7], 0, 200, 1.9073486328125e-06
GA, 384927102, 12, [5, 8, 6, 9, 1, 2, 0, 3, 11, 7, 10, 4], 2, 1087, 0.08592820167541504
GA, 384927102, 15, [2, 9, 11, 6, 0, 3, 8, 12, 14, 10, 5, 1, 4, 13, 7], 2, 1108, 0.093292236328125

GA, 1298374650, 4, [1, 3, 0, 2], 0, 200, 2.384185791015625e-06
GA, 1298374650, 8, [0, 2, 6, 3, 7, 4, 1, 5], 1, 1085, 0.08809852600097656
GA, 1298374650, 10, [3, 9, 6, 1, 2, 4, 7, 0, 8, 5], 1, 1072, 0.09090542793273926
GA, 1298374650, 12, [5, 9, 4, 8, 0, 3, 1, 6, 7, 10, 2, 11], 2, 1095, 0.09829950332641602
GA, 1298374650, 15, [13, 9, 7, 10, 1, 4, 5, 0, 11, 3, 8, 12, 14, 2, 6], 3, 1140, 0.1051788330078125

GA, 298374651, 4, [2, 0, 3, 1], 0, 200, 1.9073486328125e-06
GA, 298374651, 8, [1, 6, 0, 3, 7, 4, 2, 5], 1, 1090, 0.08684682846069336
GA, 298374651, 10, [9, 0, 8, 4, 1, 7, 2, 5, 3, 6], 2, 1073, 0.0900266170501709
GA, 298374651, 12, [3, 7, 2, 8, 6, 4, 10, 11, 9, 0, 5, 1], 2, 1100, 0.1044454574584961
GA, 298374651, 15, [3, 11, 6, 8, 13, 5, 12, 14, 2, 0, 9, 4, 1, 10, 7], 3, 1118, 0.1178896427154541

GA, 1827364512, 4, [1, 3, 0, 2], 0, 200, 4.76837158203125e-06
GA, 1827364512, 8, [2, 5, 3, 1, 7, 4, 6, 0], 0, 200, 4.76837158203125e-06
GA, 1827364512, 10, [0, 8, 7, 2, 6, 3, 1, 4, 9, 5], 1, 1112, 0.10232710838317871
GA, 1827364512, 12, [10, 0, 7, 1, 4, 2, 6, 9, 3, 5, 11, 8], 2, 1069, 0.10662603378295898
GA, 1827364512, 15, [0, 5, 6, 8, 13, 7, 12, 2, 14, 11, 3, 9, 4, 10, 1], 4, 1110, 0.12242984771728516

GA, 938475612, 4, [2, 0, 3, 1], 0, 200, 4.5299530029296875e-06
GA, 938475612, 8, [2, 7, 3, 6, 0, 5, 1, 4], 0, 383, 0.030514955520629883
GA, 938475612, 10, [9, 5, 1, 8, 4, 2, 7, 3, 6, 0], 1, 1081, 0.17532610893249512
GA, 938475612, 12, [1, 8, 10, 2, 0, 11, 7, 4, 6, 9, 5, 3], 2, 1084, 0.1539161205291748
GA, 938475612, 15, [6, 12, 5, 7, 8, 4, 14, 0, 13, 10, 1, 3, 11, 9, 2], 3, 1097, 0.15278935432434082

GA, 564738291, 4, [2, 0, 3, 1], 0, 200, 1.6689300537109375e-06
GA, 564738291, 8, [5, 2, 4, 7, 1, 3, 6, 0], 1, 1096, 0.1311957836151123
GA, 564738291, 10, [7, 4, 2, 5, 9, 1, 3, 0, 6, 8], 1, 1115, 0.14820647239685059
GA, 564738291, 12, [10, 5, 2, 11, 6, 8, 7, 1, 3, 0, 9, 4], 2, 1164, 0.13669538497924805
GA, 564738291, 15, [6, 9, 14, 12, 5, 8, 1, 11, 13, 10, 7, 3, 0, 2, 4], 3, 1104, 0.13187742233276367

GA, 2039485761, 4, [2, 0, 3, 1], 0, 200, 3.337860107421875e-06
GA, 2039485761, 8, [2, 0, 6, 4, 7, 1, 3, 5], 0, 200, 1.430511474609375e-06
GA, 2039485761, 10, [2, 5, 3, 9, 0, 8, 6, 4, 7, 1], 1, 1119, 0.1036524772644043
GA, 2039485761, 12, [9, 1, 4, 6, 11, 0, 10, 5, 2, 8, 3, 7], 1, 1135, 0.11872124671936035
GA, 2039485761, 15, [1, 8, 2, 14, 9, 3, 12, 0, 7, 5, 4, 13, 11, 10, 6], 3, 1072, 0.12928390502929688

GA, 1092837465, 4, [1, 3, 0, 2], 0, 200, 5.0067901611328125e-06
GA, 1092837465, 8, [5, 2, 4, 6, 0, 3, 1, 7], 0, 200, 2.6226043701171875e-06
GA, 1092837465, 10, [5, 8, 1, 3, 7, 2, 4, 9, 0, 6], 1, 1112, 0.13895010948181152
GA, 1092837465, 12, [3, 0, 10, 7, 4, 1, 9, 2, 6, 8, 11, 5], 2, 1112, 0.13455462455749512
GA, 1092837465, 15, [14, 7, 11, 6, 2, 5, 9, 0, 8, 3, 12, 10, 13, 4, 1], 3, 1118, 0.13968610763549805

GA, 847362915, 4, [2, 0, 3, 1], 0, 200, 2.1457672119140625e-06
GA, 847362915, 8, [3, 5, 7, 4, 1, 0, 2, 6], 1, 1109, 0.10851812362670898
GA, 847362915, 10, [9, 3, 6, 0, 2, 7, 1, 4, 8, 5], 2, 1096, 0.11398792266845703
GA, 847362915, 12, [0, 5, 1, 10, 4, 11, 9, 3, 6, 2, 7, 8], 2, 1091, 0.11488604545593262
GA, 847362915, 15, [11, 1, 4, 13, 8, 10, 3, 14, 2, 5, 12, 9, 7, 6, 0], 3, 1095, 0.12674570083618164

GA, 192837465, 4, [1, 3, 0, 2], 0, 200, 1.6689300537109375e-06
GA, 192837465, 8, [0, 4, 7, 5, 2, 6, 1, 3], 0, 374, 0.018353700637817383
GA, 192837465, 10, [7, 5, 1, 9, 4, 6, 8, 3, 2, 0], 1, 1110, 0.1076970100402832
GA, 192837465, 12, [5, 6, 0, 3, 10, 4, 2, 8, 11, 1, 7, 9], 2, 1066, 0.11655378341674805
GA, 192837465, 15, [13, 9, 11, 3, 8, 6, 1, 10, 0, 7, 14, 4, 2, 12, 5], 2, 1075, 0.1477649211883545

GA, 374829105, 4, [1, 3, 0, 2], 0, 200, 5.0067901611328125e-06
GA, 374829105, 8, [4, 0, 3, 5, 7, 1, 6, 2], 0, 200, 2.384185791015625e-06
GA, 374829105, 10, [4, 6, 8, 5, 2, 0, 3, 7, 9, 1], 1, 1089, 0.12182378768920898
GA, 374829105, 12, [4, 11, 0, 6, 2, 10, 1, 9, 7, 5, 3, 8], 2, 1091, 0.10302472114562988
GA, 374829105, 15, [4, 3, 10, 12, 7, 11, 2, 13, 1, 14, 9, 6, 0, 5, 8], 3, 1083, 0.1196446418762207

GA, 2837465920, 4, [2, 0, 3, 1], 0, 200, 2.86102294921875e-06
GA, 2837465920, 8, [4, 7, 3, 0, 2, 5, 1, 6], 0, 371, 0.017026901245117188
GA, 2837465920, 10, [0, 2, 5, 7, 9, 1, 3, 4, 6, 8], 1, 1101, 0.10672712326049805
GA, 2837465920, 12, [8, 6, 1, 9, 5, 2, 10, 7, 3, 11, 0, 4], 1, 1091, 0.11355972290039062
GA, 2837465920, 15, [5, 9, 4, 1, 7, 0, 13, 11, 14, 3, 6, 12, 2, 8, 10], 3, 1108, 0.11768102645874023

GA, 918273645, 4, [1, 3, 0, 2], 0, 200, 1.1920928955078125e-06
GA, 918273645, 8, [3, 0, 4, 7, 5, 2, 6, 1], 0, 200, 1.9073486328125e-06
GA, 918273645, 10, [0, 4, 8, 5, 3, 1, 7, 9, 6, 2], 1, 1099, 0.0940549373626709
GA, 918273645, 12, [6, 4, 2, 11, 8, 5, 3, 9, 0, 10, 1, 7], 1, 1112, 0.1329820156097412
GA, 918273645, 15, [10, 1, 13, 0, 3, 11, 8, 2, 4, 14, 9, 6, 5, 7, 12], 3, 1061, 0.1216275691986084

GA, 657483920, 4, [1, 3, 0, 2], 0, 200, 2.384185791015625e-06
GA, 657483920, 8, [5, 1, 6, 0, 3, 7, 4, 2], 0, 933, 0.07637953758239746
GA, 657483920, 10, [7, 4, 1, 3, 8, 6, 2, 9, 0, 5], 2, 1110, 0.10148811340332031
GA, 657483920, 12, [0, 6, 3, 9, 2, 8, 10, 4, 11, 1, 5, 7], 1, 1113, 0.26051807403564453
GA, 657483920, 15, [7, 12, 0, 9, 6, 1, 11, 14, 8, 13, 3, 4, 2, 10, 5], 3, 1124, 0.11319899559020996

GA, 1203948576, 4, [2, 0, 3, 1], 0, 200, 2.6226043701171875e-06
GA, 1203948576, 8, [7, 1, 3, 0, 6, 4, 2, 5], 0, 200, 2.384185791015625e-06
GA, 1203948576, 10, [3, 6, 8, 7, 1, 4, 2, 5, 0, 9], 2, 1092, 0.11366629600524902
GA, 1203948576, 12, [3, 1, 9, 8, 10, 2, 0, 11, 4, 7, 5, 6], 2, 1100, 0.12577605247497559
GA, 1203948576, 15, [7, 12, 2, 8, 6, 9, 14, 10, 1, 13, 5, 3, 0, 11, 4], 2, 1124, 0.12633681297302246

GA, 847362918, 4, [1, 3, 0, 2], 0, 200, 2.1457672119140625e-06
GA, 847362918, 8, [4, 1, 3, 6, 2, 7, 5, 0], 0, 200, 2.1457672119140625e-06
GA, 847362918, 10, [7, 0, 3, 8, 6, 2, 9, 5, 1, 4], 1, 1070, 0.09701919555664062
GA, 847362918, 12, [0, 5, 8, 1, 9, 7, 2, 11, 3, 6, 4, 10], 1, 1138, 0.1151723861694336
GA, 847362918, 15, [8, 3, 0, 12, 10, 5, 13, 7, 9, 4, 1, 14, 11, 2, 6], 3, 1100, 0.13439321517944336

GA, 938475610, 4, [1, 3, 0, 2], 0, 200, 4.76837158203125e-06
GA, 938475610, 8, [3, 5, 0, 2, 6, 4, 1, 7], 1, 1108, 0.13517045974731445
GA, 938475610, 10, [8, 1, 3, 6, 9, 2, 0, 4, 7, 5], 1, 1107, 0.13532280921936035
GA, 938475610, 12, [7, 0, 3, 5, 10, 1, 6, 11, 8, 4, 2, 9], 2, 1112, 0.1016089916229248
GA, 938475610, 15, [7, 2, 6, 13, 8, 5, 14, 9, 11, 4, 0, 3, 10, 12, 1], 3, 1114, 0.1288282871246338

GA, 1230984756, 4, [1, 3, 0, 2], 0, 200, 4.5299530029296875e-06
GA, 1230984756, 8, [4, 6, 3, 0, 2, 7, 5, 1], 0, 372, 0.0341646671295166
GA, 1230984756, 10, [2, 8, 5, 9, 0, 6, 3, 1, 7, 4], 1, 1103, 0.14853429794311523
GA, 1230984756, 12, [5, 3, 8, 10, 7, 4, 1, 11, 9, 6, 2, 0], 1, 1059, 0.14553523063659668
GA, 1230984756, 15, [1, 11, 14, 8, 6, 5, 3, 13, 0, 12, 9, 7, 10, 2, 4], 2, 1157, 0.14726495742797852

GA, 564738295, 4, [2, 0, 3, 1], 0, 200, 2.86102294921875e-06
GA, 564738295, 8, [3, 6, 0, 1, 5, 7, 2, 4], 1, 1123, 0.12152719497680664
GA, 564738295, 10, [0, 5, 2, 6, 1, 3, 7, 9, 4, 8], 1, 1097, 0.12325668334960938
GA, 564738295, 12, [7, 10, 1, 8, 4, 0, 9, 3, 6, 11, 2, 5], 1, 1068, 0.11545324325561523
GA, 564738295, 15, [9, 5, 13, 0, 3, 14, 6, 2, 10, 1, 4, 12, 8, 11, 7], 2, 1116, 0.12468743324279785

GA, 2039485790, 4, [1, 3, 0, 2], 0, 200, 1.9073486328125e-06
GA, 2039485790, 8, [4, 7, 5, 0, 3, 1, 6, 2], 1, 1116, 0.12160801887512207
GA, 2039485790, 10, [3, 7, 6, 8, 5, 2, 0, 9, 4, 1], 1, 1112, 0.12685894966125488
GA, 2039485790, 12, [8, 2, 7, 10, 4, 11, 0, 3, 6, 9, 5, 1], 2, 1064, 0.13224244117736816
GA, 2039485790, 15, [2, 10, 3, 13, 4, 7, 9, 0, 1, 5, 14, 12, 6, 8, 11], 3, 1123, 0.16440486907958984

GA, 918273640, 4, [2, 0, 3, 1], 0, 200, 4.291534423828125e-06
GA, 918273640, 8, [5, 1, 6, 0, 3, 7, 4, 2], 0, 200, 5.0067901611328125e-06
GA, 918273640, 10, [9, 3, 5, 8, 2, 0, 6, 4, 7, 1], 1, 1091, 0.15934252738952637
GA, 918273640, 12, [2, 11, 7, 3, 0, 8, 5, 1, 6, 10, 9, 4], 2, 1124, 0.11078834533691406
GA, 918273640, 15, [14, 5, 10, 8, 3, 0, 2, 9, 1, 12, 13, 7, 6, 4, 11], 3, 1116, 0.11770224571228027

GA, 1298374610, 4, [2, 0, 3, 1], 0, 200, 2.6226043701171875e-06
GA, 1298374610, 8, [6, 3, 1, 4, 7, 0, 2, 5], 0, 200, 2.384185791015625e-06
GA, 1298374610, 10, [6, 3, 0, 8, 5, 9, 2, 4, 7, 1], 1, 1090, 0.10926437377929688
GA, 1298374610, 12, [6, 8, 3, 2, 4, 7, 10, 0, 11, 1, 5, 9], 1, 1114, 0.11855459213256836
GA, 1298374610, 15, [12, 10, 1, 8, 11, 0, 14, 5, 2, 9, 7, 13, 4, 6, 3], 3, 1101, 0.11622452735900879

GA, 283746599, 4, [2, 0, 3, 1], 0, 200, 1.6689300537109375e-06
GA, 283746599, 8, [7, 0, 3, 6, 2, 5, 1, 4], 1, 1121, 0.1037740707397461
GA, 283746599, 10, [5, 3, 0, 2, 7, 9, 6, 8, 1, 4], 1, 1119, 0.1136631965637207
GA, 283746599, 12, [9, 2, 5, 3, 11, 7, 10, 1, 0, 4, 8, 6], 2, 1086, 0.12665057182312012
GA, 283746599, 15, [1, 13, 8, 3, 0, 6, 12, 9, 5, 14, 2, 10, 7, 11, 4], 3, 1117, 0.15310955047607422

GA, 192837460, 4, [1, 3, 0, 2], 0, 200, 4.76837158203125e-06
GA, 192837460, 8, [6, 2, 7, 1, 4, 0, 5, 3], 0, 200, 3.337860107421875e-06
GA, 192837460, 10, [0, 8, 5, 2, 9, 7, 3, 1, 6, 4], 2, 1098, 0.12004423141479492
GA, 192837460, 12, [7, 9, 3, 0, 2, 10, 6, 11, 1, 4, 8, 5], 2, 1092, 0.10806703567504883
GA, 192837460, 15, [1, 6, 4, 10, 13, 9, 5, 3, 14, 12, 8, 0, 2, 7, 11], 2, 1089, 0.12308287620544434

GA, 374829100, 4, [1, 3, 0, 2], 0, 200, 4.76837158203125e-06
GA, 374829100, 8, [3, 1, 7, 4, 6, 0, 2, 5], 0, 200, 4.291534423828125e-06
GA, 374829100, 10, [7, 1, 4, 9, 5, 8, 2, 0, 3, 6], 1, 1119, 0.11106371879577637
GA, 374829100, 12, [9, 5, 0, 4, 1, 10, 2, 7, 3, 8, 6, 11], 2, 1131, 0.12637042999267578
GA, 374829100, 15, [4, 3, 10, 13, 5, 11, 7, 0, 2, 6, 8, 14, 12, 1, 9], 3, 1134, 0.1160287857055664

GA, 847362900, 4, [1, 3, 0, 2], 0, 200, 1.6689300537109375e-06
GA, 847362900, 8, [3, 6, 0, 2, 5, 7, 1, 4], 1, 1097, 0.0938100814819336
GA, 847362900, 10, [3, 8, 4, 2, 9, 5, 1, 7, 0, 6], 1, 1105, 0.10695600509643555
GA, 847362900, 12, [4, 8, 1, 5, 2, 11, 9, 7, 0, 10, 3, 6], 1, 1121, 0.12045812606811523
GA, 847362900, 15, [6, 3, 11, 8, 12, 4, 9, 0, 2, 7, 14, 1, 13, 10, 5], 1, 1086, 0.13814234733581543

GA, 1092837400, 4, [1, 3, 0, 2], 0, 200, 4.76837158203125e-06
GA, 1092837400, 8, [2, 5, 7, 4, 3, 0, 6, 1], 1, 1088, 0.1229240894317627
GA, 1092837400, 10, [2, 8, 5, 9, 4, 1, 7, 0, 3, 6], 1, 1110, 0.09577417373657227
GA, 1092837400, 12, [5, 10, 1, 7, 4, 8, 0, 9, 3, 6, 11, 2], 2, 1123, 0.10277771949768066
GA, 1092837400, 15, [13, 8, 10, 7, 4, 1, 12, 5, 6, 2, 9, 0, 14, 3, 11], 3, 1099, 0.12441539764404297

GA, 657483900, 4, [2, 0, 3, 1], 0, 200, 5.0067901611328125e-06
GA, 657483900, 8, [3, 5, 7, 2, 0, 6, 4, 1], 0, 574, 0.03427267074584961
GA, 657483900, 10, [2, 8, 7, 4, 1, 5, 9, 6, 0, 3], 1, 1092, 0.10234928131103516
GA, 657483900, 12, [10, 2, 4, 7, 0, 11, 5, 1, 6, 9, 3, 8], 1, 1085, 0.15159249305725098
GA, 657483900, 15, [0, 6, 3, 12, 7, 1, 10, 5, 9, 11, 4, 2, 14, 8, 13], 2, 1100, 0.19800353050231934

GA, 1203948500, 4, [2, 0, 3, 1], 0, 200, 1.1920928955078125e-06
GA, 1203948500, 8, [3, 1, 6, 4, 0, 7, 5, 2], 0, 592, 0.05227303504943848
GA, 1203948500, 10, [0, 6, 1, 4, 7, 9, 8, 2, 5, 3], 2, 1118, 0.14779901504516602
GA, 1203948500, 12, [4, 6, 9, 11, 10, 7, 3, 0, 8, 1, 5, 2], 2, 1128, 0.11595463752746582
GA, 1203948500, 15, [3, 4, 10, 12, 2, 9, 7, 1, 14, 0, 6, 8, 5, 13, 11], 2, 1083, 0.11836743354797363

GA, 2039485700, 4, [1, 3, 0, 2], 0, 200, 1.1920928955078125e-06
GA, 2039485700, 8, [2, 5, 3, 1, 7, 4, 6, 0], 0, 200, 1.1920928955078125e-06
GA, 2039485700, 10, [3, 5, 9, 1, 8, 4, 7, 0, 2, 6], 1, 1112, 0.09862971305847168
GA, 2039485700, 12, [6, 11, 1, 5, 0, 10, 7, 3, 8, 2, 4, 9], 1, 1116, 0.11335968971252441
GA, 2039485700, 15, [6, 13, 9, 12, 5, 3, 11, 2, 4, 1, 10, 8, 14, 0, 7], 1, 1137, 0.12918400764465332

Random, 384927102, 4, [1, 3, 0, 2], 0, 181, 0.0019230842590332031
Random, 384927102, 8, [2, 4, 1, 7, 5, 0, 6, 4], 2, 1000, 0.01594710350036621
Random, 384927102, 10, [6, 5, 2, 4, 9, 0, 4, 1, 1, 8], 3, 1000, 0.027308225631713867
Random, 384927102, 12, [0, 3, 6, 2, 3, 11, 2, 10, 5, 1, 1, 4], 5, 1000, 0.025333642959594727
Random, 384927102, 15, [14, 5, 9, 1, 13, 7, 12, 13, 5, 0, 2, 4, 12, 3, 8], 5, 1000, 0.05134868621826172

Random, 1298374650, 4, [1, 3, 0, 2], 0, 39, 0.00045013427734375
Random, 1298374650, 8, [6, 3, 0, 7, 5, 2, 4, 1], 2, 1000, 0.01609516143798828
Random, 1298374650, 10, [5, 8, 1, 5, 0, 9, 6, 4, 1, 4], 4, 1000, 0.019530534744262695
Random, 1298374650, 12, [6, 3, 10, 8, 4, 9, 7, 0, 11, 3, 5, 10], 3, 1000, 0.03602123260498047
Random, 1298374650, 15, [11, 14, 4, 5, 0, 5, 13, 0, 12, 10, 8, 3, 1, 3, 2], 6, 1000, 0.028958559036254883

Random, 298374651, 4, [1, 3, 0, 2], 0, 39, 0.00040030479431152344
Random, 298374651, 8, [4, 1, 5, 2, 2, 6, 0, 3], 2, 1000, 0.020897865295410156
Random, 298374651, 10, [6, 1, 1, 8, 5, 0, 4, 9, 0, 5], 3, 1000, 0.026453495025634766
Random, 298374651, 12, [3, 5, 2, 0, 9, 0, 4, 8, 10, 11, 6, 0], 5, 1000, 0.031170368194580078
Random, 298374651, 15, [7, 7, 4, 12, 0, 5, 6, 11, 1, 12, 13, 9, 14, 0, 2], 6, 1000, 0.0340723991394043

Random, 1827364512, 4, [1, 3, 0, 2], 0, 68, 0.0008456707000732422
Random, 1827364512, 8, [5, 2, 6, 6, 0, 4, 1, 7], 2, 1000, 0.018207550048828125
Random, 1827364512, 10, [6, 8, 1, 7, 9, 5, 9, 0, 4, 2], 3, 1000, 0.019837617874145508
Random, 1827364512, 12, [8, 11, 6, 8, 10, 1, 7, 9, 5, 9, 0, 4], 4, 1000, 0.025809288024902344
Random, 1827364512, 15, [10, 6, 1, 12, 4, 7, 11, 13, 3, 0, 3, 2, 2, 14, 8], 5, 1000, 0.03149008750915527

Random, 938475612, 4, [2, 0, 3, 1], 0, 17, 0.00033736228942871094
Random, 938475612, 8, [1, 4, 5, 0, 6, 4, 2, 7], 2, 1000, 0.021069765090942383
Random, 938475612, 10, [6, 1, 3, 8, 0, 9, 9, 5, 7, 2], 3, 1000, 0.02136087417602539
Random, 938475612, 12, [11, 5, 7, 10, 10, 0, 2, 8, 6, 1, 9, 2], 4, 1000, 0.022243499755859375
Random, 938475612, 15, [6, 10, 8, 1, 14, 7, 14, 0, 9, 5, 9, 2, 12, 13, 4], 5, 1000, 0.026098966598510742

Random, 564738291, 4, [1, 3, 0, 2], 0, 66, 0.0028569698333740234
Random, 564738291, 8, [5, 2, 6, 6, 3, 1, 0, 7], 2, 1000, 0.018642902374267578
Random, 564738291, 10, [6, 4, 6, 8, 5, 2, 0, 7, 7, 1], 3, 1000, 0.0229642391204834
Random, 564738291, 12, [2, 1, 6, 0, 2, 11, 9, 8, 5, 0, 4, 7], 5, 1000, 0.027028799057006836
Random, 564738291, 15, [8, 12, 7, 1, 13, 1, 9, 14, 0, 11, 14, 5, 10, 10, 13], 6, 1000, 0.03277301788330078

Random, 2039485761, 4, [2, 0, 3, 1], 0, 92, 0.0010008811950683594
Random, 2039485761, 8, [4, 2, 6, 3, 1, 7, 4, 0], 2, 1000, 0.01758408546447754
Random, 2039485761, 10, [6, 0, 3, 5, 8, 6, 9, 7, 4, 1], 3, 1000, 0.026592493057250977
Random, 2039485761, 12, [1, 2, 10, 5, 4, 10, 3, 0, 11, 7, 9, 2], 5, 1000, 0.028652429580688477
Random, 2039485761, 15, [3, 8, 12, 3, 0, 7, 10, 13, 5, 6, 1, 7, 0, 14, 9], 6, 1000, 0.03049921989440918

Random, 1092837465, 4, [2, 0, 3, 1], 0, 116, 0.0011477470397949219
Random, 1092837465, 8, [5, 7, 2, 6, 1, 7, 0, 6], 3, 1000, 0.017305850982666016
Random, 1092837465, 10, [8, 5, 1, 8, 4, 0, 7, 3, 4, 6], 4, 1000, 0.021184444427490234
Random, 1092837465, 12, [7, 0, 6, 9, 5, 10, 1, 11, 5, 2, 4, 11], 4, 1000, 0.027367830276489258
Random, 1092837465, 15, [8, 6, 14, 7, 5, 1, 3, 10, 4, 2, 4, 0, 14, 11, 13], 5, 1000, 0.03458571434020996

Random, 847362915, 4, [1, 3, 0, 2], 0, 66, 0.001018524169921875
Random, 847362915, 8, [4, 1, 7, 6, 2, 0, 5, 1], 2, 1000, 0.025674104690551758
Random, 847362915, 10, [0, 2, 4, 6, 8, 3, 9, 9, 1, 5], 4, 1000, 0.025082111358642578
Random, 847362915, 12, [0, 7, 9, 1, 2, 5, 7, 10, 4, 11, 6, 4], 5, 1000, 0.03516721725463867
Random, 847362915, 15, [2, 3, 8, 12, 14, 6, 7, 14, 8, 0, 13, 9, 2, 12, 11], 7, 1000, 0.05549192428588867

Random, 192837465, 4, [1, 3, 0, 2], 0, 55, 0.0012979507446289062
Random, 192837465, 8, [0, 1, 4, 7, 5, 0, 2, 6], 2, 1000, 0.05081057548522949
Random, 192837465, 10, [9, 2, 0, 7, 3, 1, 6, 8, 0, 4], 2, 1000, 0.04436349868774414
Random, 192837465, 12, [2, 5, 9, 1, 8, 11, 9, 3, 0, 4, 11, 1], 5, 1000, 0.043329477310180664
Random, 192837465, 15, [12, 9, 2, 9, 13, 10, 1, 14, 10, 13, 3, 14, 8, 11, 8], 7, 1000, 0.042707204818725586

Random, 374829105, 4, [2, 0, 3, 1], 0, 679, 0.010731697082519531
Random, 374829105, 8, [7, 2, 1, 5, 2, 0, 6, 4], 2, 1000, 0.034116506576538086
Random, 374829105, 10, [3, 3, 9, 7, 8, 5, 2, 8, 6, 0], 4, 1000, 0.024417638778686523
Random, 374829105, 12, [3, 11, 9, 1, 2, 0, 3, 0, 8, 6, 4, 2], 5, 1000, 0.034470319747924805
Random, 374829105, 15, [1, 9, 13, 8, 0, 4, 13, 11, 6, 3, 3, 14, 14, 8, 2], 4, 1000, 0.04933881759643555

Random, 2837465920, 4, [1, 3, 0, 2], 0, 266, 0.003575563430786133
Random, 2837465920, 8, [1, 4, 0, 6, 3, 7, 2, 7], 2, 1000, 0.02420639991760254
Random, 2837465920, 10, [4, 9, 5, 8, 6, 1, 3, 9, 7, 4], 4, 1000, 0.022400856018066406
Random, 2837465920, 12, [8, 11, 0, 2, 5, 7, 1, 10, 11, 0, 6, 4], 5, 1000, 0.03561806678771973
Random, 2837465920, 15, [1, 14, 10, 11, 14, 4, 8, 3, 13, 6, 0, 9, 7, 11, 2], 7, 1000, 0.04197287559509277

Random, 918273645, 4, [2, 0, 3, 1], 0, 388, 0.008440256118774414
Random, 918273645, 8, [4, 7, 3, 1, 6, 5, 3, 0], 3, 1000, 0.02408766746520996
Random, 918273645, 10, [0, 3, 6, 9, 5, 2, 8, 3, 7, 4], 2, 1000, 0.03127861022949219
Random, 918273645, 12, [9, 3, 8, 4, 9, 1, 10, 7, 11, 2, 5, 2], 3, 1000, 0.030879735946655273
Random, 918273645, 15, [13, 0, 8, 1, 12, 2, 11, 2, 4, 10, 13, 7, 6, 1, 5], 6, 1000, 0.0395660400390625

Random, 657483920, 4, [1, 3, 0, 2], 0, 376, 0.006953001022338867
Random, 657483920, 8, [4, 2, 5, 5, 1, 4, 0, 7], 2, 1000, 0.03173327445983887
Random, 657483920, 10, [3, 4, 9, 7, 5, 0, 6, 1, 2, 8], 4, 1000, 0.032439470291137695
Random, 657483920, 12, [10, 7, 0, 4, 1, 9, 6, 10, 4, 8, 3, 11], 5, 1000, 0.039084434509277344
Random, 657483920, 15, [13, 3, 12, 7, 1, 4, 11, 2, 4, 10, 14, 9, 3, 8, 4], 7, 1000, 0.04218792915344238

Random, 1203948576, 4, [1, 3, 0, 2], 0, 343, 0.006021738052368164
Random, 1203948576, 8, [4, 6, 1, 3, 5, 0, 2, 4], 1, 1000, 0.027399301528930664
Random, 1203948576, 10, [7, 9, 1, 5, 0, 0, 9, 2, 8, 2], 4, 1000, 0.020880937576293945
Random, 1203948576, 12, [3, 6, 1, 11, 0, 2, 4, 1, 9, 11, 5, 10], 5, 1000, 0.03439807891845703
Random, 1203948576, 15, [6, 14, 1, 14, 9, 13, 8, 5, 4, 13, 3, 0, 13, 10, 5], 7, 1000, 0.03557157516479492

Random, 847362918, 4, [1, 3, 0, 2], 0, 22, 0.00039076805114746094
Random, 847362918, 8, [5, 7, 1, 4, 0, 3, 6, 2], 1, 1000, 0.01717996597290039
Random, 847362918, 10, [3, 1, 3, 7, 9, 8, 5, 2, 0, 6], 3, 1000, 0.0198056697845459
Random, 847362918, 12, [10, 6, 0, 9, 7, 1, 10, 2, 0, 5, 9, 11], 4, 1000, 0.047693729400634766
Random, 847362918, 15, [2, 9, 3, 13, 11, 1, 14, 1, 13, 0, 13, 10, 0, 6, 12], 7, 1000, 0.0745077133178711

Random, 938475610, 4, [2, 0, 3, 1], 0, 40, 0.00044035911560058594
Random, 938475610, 8, [5, 1, 6, 3, 7, 4, 7, 0], 2, 1000, 0.017970561981201172
Random, 938475610, 10, [8, 0, 9, 3, 7, 2, 7, 9, 6, 1], 3, 1000, 0.01981186866760254
Random, 938475610, 12, [9, 2, 11, 3, 0, 11, 8, 5, 5, 1, 10, 4], 5, 1000, 0.045813560485839844
Random, 938475610, 15, [8, 13, 9, 6, 1, 5, 0, 14, 7, 3, 2, 0, 10, 6, 4], 6, 1000, 0.061661720275878906

Random, 1230984756, 4, [2, 0, 3, 1], 0, 117, 0.0016884803771972656
Random, 1230984756, 8, [0, 6, 1, 6, 2, 7, 5, 3], 2, 1000, 0.02485060691833496
Random, 1230984756, 10, [5, 1, 4, 6, 2, 3, 7, 0, 2, 8], 3, 1000, 0.060640573501586914
Random, 1230984756, 12, [8, 6, 11, 3, 10, 0, 4, 10, 1, 0, 11, 7], 4, 1000, 0.02901172637939453
Random, 1230984756, 15, [12, 10, 8, 0, 9, 0, 13, 1, 4, 7, 3, 14, 14, 12, 5], 7, 1000, 0.03494453430175781

Random, 564738295, 4, [2, 0, 3, 1], 0, 61, 0.001069784164428711
Random, 564738295, 8, [2, 5, 3, 0, 7, 2, 6, 1], 2, 1000, 0.022907733917236328
Random, 564738295, 10, [4, 9, 0, 3, 0, 2, 8, 1, 7, 2], 3, 1000, 0.03429555892944336
Random, 564738295, 12, [10, 4, 7, 11, 3, 2, 0, 9, 9, 1, 8, 11], 4, 1000, 0.04515528678894043
Random, 564738295, 15, [3, 6, 8, 14, 11, 0, 7, 1, 0, 3, 10, 13, 2, 1, 5], 6, 1000, 0.034120798110961914

Random, 2039485790, 4, [2, 0, 3, 1], 0, 19, 0.00032639503479003906
Random, 2039485790, 8, [1, 5, 0, 1, 3, 7, 2, 4], 2, 1000, 0.01862931251525879
Random, 2039485790, 10, [2, 8, 3, 0, 2, 8, 1, 3, 7, 9], 3, 1000, 0.022955894470214844
Random, 2039485790, 12, [7, 9, 4, 2, 0, 8, 11, 11, 1, 6, 11, 3], 3, 1000, 0.029135465621948242
Random, 2039485790, 15, [11, 9, 6, 5, 9, 14, 7, 0, 2, 13, 8, 1, 12, 12, 3], 6, 1000, 0.04859018325805664

Random, 918273640, 4, [2, 0, 3, 1], 0, 88, 0.0016732215881347656
Random, 918273640, 8, [4, 1, 3, 5, 7, 1, 3, 6], 2, 1000, 0.023278236389160156
Random, 918273640, 10, [9, 2, 8, 6, 1, 3, 0, 9, 7, 4], 2, 1000, 0.02224898338317871
Random, 918273640, 12, [0, 5, 9, 2, 8, 11, 7, 3, 10, 10, 7, 9], 5, 1000, 0.029405593872070312
Random, 918273640, 15, [10, 8, 13, 3, 0, 9, 2, 0, 3, 7, 11, 6, 1, 6, 12], 7, 1000, 0.03580665588378906

Random, 1298374610, 4, [2, 0, 3, 1], 0, 166, 0.0016837120056152344
Random, 1298374610, 8, [5, 2, 7, 3, 0, 3, 1, 6], 2, 1000, 0.017638206481933594
Random, 1298374610, 10, [4, 8, 0, 8, 1, 5, 0, 9, 7, 4], 3, 1000, 0.021075725555419922
Random, 1298374610, 12, [4, 11, 3, 5, 0, 10, 0, 9, 6, 1, 3, 10], 5, 1000, 0.04079484939575195
Random, 1298374610, 15, [14, 5, 14, 4, 9, 1, 1, 10, 0, 11, 0, 8, 12, 13, 8], 7, 1000, 0.041761159896850586

Random, 283746599, 4, [2, 0, 3, 1], 0, 143, 0.0015676021575927734
Random, 283746599, 8, [7, 5, 1, 6, 4, 2, 0, 3], 2, 1000, 0.016979217529296875
Random, 283746599, 10, [3, 1, 7, 9, 2, 8, 1, 4, 0, 8], 3, 1000, 0.02112102508544922
Random, 283746599, 12, [7, 11, 3, 5, 0, 1, 4, 8, 2, 6, 10, 0], 5, 1000, 0.023740291595458984
Random, 283746599, 15, [6, 1, 6, 2, 12, 10, 0, 3, 7, 11, 13, 9, 1, 4, 5], 7, 1000, 0.028301239013671875

Random, 192837460, 4, [2, 0, 3, 1], 0, 232, 0.002469778060913086
Random, 192837460, 8, [4, 6, 0, 0, 3, 5, 7, 2], 2, 1000, 0.0170900821685791
Random, 192837460, 10, [4, 0, 3, 3, 9, 7, 4, 2, 8, 6], 3, 1000, 0.020225048065185547
Random, 192837460, 12, [10, 2, 7, 6, 0, 2, 5, 8, 11, 4, 3, 1], 5, 1000, 0.022919654846191406
Random, 192837460, 15, [2, 3, 3, 0, 12, 11, 0, 7, 12, 14, 1, 8, 5, 5, 10], 7, 1000, 0.03630948066711426

Random, 374829100, 4, [1, 3, 0, 2], 0, 228, 0.002416372299194336
Random, 374829100, 8, [6, 6, 3, 0, 7, 5, 2, 1], 2, 1000, 0.016482830047607422
Random, 374829100, 10, [6, 1, 3, 6, 9, 7, 2, 4, 7, 1], 3, 1000, 0.021800994873046875
Random, 374829100, 12, [9, 2, 3, 11, 0, 1, 10, 5, 0, 4, 7, 8], 4, 1000, 0.02295684814453125
Random, 374829100, 15, [13, 9, 4, 1, 13, 0, 2, 0, 7, 1, 11, 11, 6, 14, 12], 7, 1000, 0.029493331909179688

Random, 847362900, 4, [1, 3, 0, 2], 0, 706, 0.007622718811035156
Random, 847362900, 8, [5, 7, 4, 7, 0, 6, 3, 6], 2, 1000, 0.01619577407836914
Random, 847362900, 10, [2, 5, 9, 5, 4, 8, 1, 3, 6, 0], 3, 1000, 0.019330978393554688
Random, 847362900, 12, [2, 0, 3, 8, 4, 11, 6, 10, 10, 2, 5, 9], 5, 1000, 0.023511886596679688
Random, 847362900, 15, [1, 14, 6, 2, 5, 8, 13, 12, 0, 11, 7, 4, 13, 3, 9], 7, 1000, 0.03357958793640137

Random, 1092837400, 4, [2, 0, 3, 1], 0, 33, 0.0003509521484375
Random, 1092837400, 8, [5, 3, 6, 1, 5, 4, 0, 7], 3, 1000, 0.016671419143676758
Random, 1092837400, 10, [3, 7, 2, 1, 6, 1, 5, 8, 4, 0], 3, 1000, 0.019579648971557617
Random, 1092837400, 12, [5, 11, 4, 4, 0, 8, 5, 11, 1, 6, 10, 6], 4, 1000, 0.025223493576049805
Random, 1092837400, 15, [8, 10, 13, 4, 0, 4, 6, 12, 10, 13, 3, 5, 7, 0, 9], 7, 1000, 0.030660629272460938

Random, 657483900, 4, [2, 0, 3, 1], 0, 180, 0.0019838809967041016
Random, 657483900, 8, [3, 5, 0, 2, 6, 7, 3, 1], 2, 1000, 0.016953229904174805
Random, 657483900, 10, [0, 5, 1, 9, 1, 8, 4, 2, 7, 5], 3, 1000, 0.019414186477661133
Random, 657483900, 12, [4, 2, 3, 6, 9, 5, 1, 4, 0, 2, 8, 10], 4, 1000, 0.023553848266601562
Random, 657483900, 15, [2, 7, 13, 0, 5, 14, 14, 10, 6, 7, 0, 3, 1, 4, 10], 7, 1000, 0.029849529266357422

Random, 1203948500, 4, [2, 0, 3, 1], 0, 21, 0.00023102760314941406
Random, 1203948500, 8, [3, 6, 1, 1, 5, 7, 0, 4], 2, 1000, 0.017076492309570312
Random, 1203948500, 10, [7, 9, 0, 8, 6, 4, 7, 1, 8, 5], 3, 1000, 0.01967334747314453
Random, 1203948500, 12, [1, 9, 6, 3, 0, 2, 11, 2, 7, 6, 4, 0], 5, 1000, 0.02465224266052246
Random, 1203948500, 15, [0, 2, 9, 12, 3, 3, 8, 3, 13, 10, 7, 4, 11, 5, 6], 7, 1000, 0.029430866241455078

Random, 2039485700, 4, [1, 3, 0, 2], 0, 48, 0.0005414485931396484
Random, 2039485700, 8, [6, 3, 1, 7, 5, 2, 2, 5], 2, 1000, 0.0167996883392334
Random, 2039485700, 10, [9, 0, 5, 3, 1, 7, 2, 0, 6, 9], 4, 1000, 0.018899202346801758
Random, 2039485700, 12, [5, 7, 1, 11, 6, 8, 10, 4, 4, 10, 5, 7], 5, 1000, 0.02365732192993164
Random, 2039485700, 15, [11, 5, 10, 6, 10, 12, 7, 3, 14, 9, 0, 5, 6, 8, 1], 7, 1000, 0.02999734878540039


